<?xml version="1.0" encoding="UTF-8"?>
<GenRun Id="system_auto_pc_0_synth_1" LaunchPart="xc7z010clg400-1" LaunchTime="1708111270">
  <File Type="PA-TCL" Name="system_auto_pc_0.tcl"/>
  <File Type="RDS-PROPCONSTRS" Name="system_auto_pc_0_drc_synth.rpt"/>
  <File Type="REPORTS-TCL" Name="system_auto_pc_0_reports.tcl"/>
  <File Type="RDS-RDS" Name="system_auto_pc_0.vds"/>
  <File Type="RDS-UTIL" Name="system_auto_pc_0_utilization_synth.rpt"/>
  <File Type="RDS-UTIL-PB" Name="system_auto_pc_0_utilization_synth.pb"/>
  <File Type="RDS-DCP" Name="system_auto_pc_0.dcp"/>
  <File Type="VDS-TIMINGSUMMARY" Name="system_auto_pc_0_timing_summary_synth.rpt"/>
  <File Type="VDS-TIMING-PB" Name="system_auto_pc_0_timing_summary_synth.pb"/>
  <FileSet Name="sources" Type="BlockSrcs" RelSrcDir="$PSRCDIR/system_auto_pc_0">
    <File Path="$PSRCDIR/sources_1/bd/system/ip/system_auto_pc_0/system_auto_pc_0.xci">
      <FileInfo>
        <Attr Name="ImportPath" Val="$PPRDIR/../../Aprendizaje/redpitaya_guide-master/tmp/4_frequency_counter/4_frequency_counter.srcs/sources_1/bd/system/ip/system_auto_pc_0/system_auto_pc_0.xci"/>
        <Attr Name="ImportTime" Val="0"/>
        <Attr Name="UsedIn" Val="synthesis"/>
        <Attr Name="UsedIn" Val="implementation"/>
        <Attr Name="UsedIn" Val="simulation"/>
      </FileInfo>
    </File>
    <Config>
      <Option Name="TopModule" Val="system_auto_pc_0"/>
      <Option Name="UseBlackboxStub" Val="1"/>
    </Config>
  </FileSet>
  <FileSet Name="constrs_in" Type="BlockSrcs" RelSrcDir="$PSRCDIR/system_auto_pc_0">
    <File Path="$PSRCDIR/sources_1/bd/system/ip/system_auto_pc_0/system_auto_pc_0.xci">
      <FileInfo>
        <Attr Name="ImportPath" Val="$PPRDIR/../../Aprendizaje/redpitaya_guide-master/tmp/4_frequency_counter/4_frequency_counter.srcs/sources_1/bd/system/ip/system_auto_pc_0/system_auto_pc_0.xci"/>
        <Attr Name="ImportTime" Val="0"/>
        <Attr Name="UsedIn" Val="synthesis"/>
        <Attr Name="UsedIn" Val="implementation"/>
        <Attr Name="UsedIn" Val="simulation"/>
      </FileInfo>
    </File>
    <Config>
      <Option Name="TopModule" Val="system_auto_pc_0"/>
      <Option Name="UseBlackboxStub" Val="1"/>
    </Config>
  </FileSet>
  <FileSet Name="utils" Type="Utils" RelSrcDir="$PSRCDIR/utils_1">
    <Filter Type="Utils"/>
    <File Path="$PPRDIR/../../Aprendizaje/redpitaya_guide-master/tmp/4_frequency_counter/4_frequency_counter.srcs/utils_1/imports/synth_1/system_wrapper.dcp">
      <FileInfo>
        <Attr Name="UsedIn" Val="synthesis"/>
        <Attr Name="UsedIn" Val="implementation"/>
        <Attr Name="UsedInSteps" Val="synth_1"/>
        <Attr Name="AutoDcp" Val="1"/>
      </FileInfo>
    </File>
    <Config>
      <Option Name="TopAutoSet" Val="TRUE"/>
    </Config>
  </FileSet>
  <Strategy Version="1" Minor="2">
    <StratHandle Name="Vivado Synthesis Defaults" Flow="Vivado Synthesis 2022">
      <Desc>Vivado Synthesis Defaults</Desc>
    </StratHandle>
    <Step Id="synth_design"/>
  </Strategy>
</GenRun>
