<?xml version="1.0"?>
<Runs Version="1" Minor="0">
	<Run Id="synth_1" LaunchDir="D:/TEC/2024_Trabajo_Final_de_Graduacion/Proyecto/Pruebas_vivado/Third_Trigger/Third_Trigger_22/Third_Trigger_22.runs/synth_1" FlowId="Vivado_Synthesis" FromStepId="vivado" ToStepId="vivado"/>
	<Run Id="impl_1" LaunchDir="D:/TEC/2024_Trabajo_Final_de_Graduacion/Proyecto/Pruebas_vivado/Third_Trigger/Third_Trigger_22/Third_Trigger_22.runs/impl_1" FlowId="Vivado_Implementation" FromStepId="init_design" ToStepId="write_bitstream">
		<Parent Id="synth_1"/>
	</Run>
	<Parameters>
		<Parameter Name="runs.monitorLSFJobs" Val="true" Type="bool"/>
		<Parameter Name="runs.enableClusterConf" Val="true" Type="bool"/>
	</Parameters>
</Runs>

