<?xml version="1.0" encoding="UTF-8"?>
<GenRun Id="system_processing_system7_0_0_synth_1" LaunchPart="xc7z010clg400-1" LaunchTime="1707931831">
  <File Type="PA-TCL" Name="system_processing_system7_0_0.tcl"/>
  <File Type="REPORTS-TCL" Name="system_processing_system7_0_0_reports.tcl"/>
  <File Type="RDS-RDS" Name="system_processing_system7_0_0.vds"/>
  <File Type="RDS-UTIL" Name="system_processing_system7_0_0_utilization_synth.rpt"/>
  <File Type="RDS-UTIL-PB" Name="system_processing_system7_0_0_utilization_synth.pb"/>
  <File Type="RDS-DCP" Name="system_processing_system7_0_0.dcp"/>
  <FileSet Name="sources" Type="BlockSrcs" RelSrcDir="$PSRCDIR/system_processing_system7_0_0">
    <File Path="$PSRCDIR/sources_1/bd/system/ip/system_processing_system7_0_0/system_processing_system7_0_0.xci">
      <FileInfo>
        <Attr Name="ImportPath" Val="$PPRDIR/../../Aprendizaje/redpitaya_guide-master/tmp/4_frequency_counter/4_frequency_counter.srcs/sources_1/bd/system/ip/system_processing_system7_0_0/system_processing_system7_0_0.xci"/>
        <Attr Name="ImportTime" Val="1707931370"/>
        <Attr Name="UsedIn" Val="synthesis"/>
        <Attr Name="UsedIn" Val="implementation"/>
        <Attr Name="UsedIn" Val="simulation"/>
      </FileInfo>
    </File>
    <Config>
      <Option Name="TopModule" Val="system_processing_system7_0_0"/>
      <Option Name="UseBlackboxStub" Val="1"/>
    </Config>
  </FileSet>
  <FileSet Name="constrs_in" Type="BlockSrcs" RelSrcDir="$PSRCDIR/system_processing_system7_0_0">
    <File Path="$PSRCDIR/sources_1/bd/system/ip/system_processing_system7_0_0/system_processing_system7_0_0.xci">
      <FileInfo>
        <Attr Name="ImportPath" Val="$PPRDIR/../../Aprendizaje/redpitaya_guide-master/tmp/4_frequency_counter/4_frequency_counter.srcs/sources_1/bd/system/ip/system_processing_system7_0_0/system_processing_system7_0_0.xci"/>
        <Attr Name="ImportTime" Val="1707931370"/>
        <Attr Name="UsedIn" Val="synthesis"/>
        <Attr Name="UsedIn" Val="implementation"/>
        <Attr Name="UsedIn" Val="simulation"/>
      </FileInfo>
    </File>
    <Config>
      <Option Name="TopModule" Val="system_processing_system7_0_0"/>
      <Option Name="UseBlackboxStub" Val="1"/>
    </Config>
  </FileSet>
  <FileSet Name="utils" Type="Utils" RelSrcDir="$PSRCDIR/utils_1">
    <Filter Type="Utils"/>
    <Config>
      <Option Name="TopAutoSet" Val="TRUE"/>
    </Config>
  </FileSet>
  <Strategy Version="1" Minor="2">
    <StratHandle Name="Vivado Synthesis Defaults" Flow="Vivado Synthesis 2022"/>
    <Step Id="synth_design"/>
  </Strategy>
</GenRun>
