<?xml version="1.0" encoding="UTF-8"?>
<GenRun Id="synth_1" LaunchPart="xc7z010clg400-1" LaunchTime="1708111270" LaunchIncrCheckpoint="$PPRDIR/../../Aprendizaje/redpitaya_guide-master/tmp/4_frequency_counter/4_frequency_counter.srcs/utils_1/imports/synth_1/system_wrapper.dcp">
  <File Type="PA-TCL" Name="system_wrapper.tcl"/>
  <File Type="RDS-PROPCONSTRS" Name="system_wrapper_drc_synth.rpt"/>
  <File Type="REPORTS-TCL" Name="system_wrapper_reports.tcl"/>
  <File Type="RDS-RDS" Name="system_wrapper.vds"/>
  <File Type="RDS-UTIL" Name="system_wrapper_utilization_synth.rpt"/>
  <File Type="RDS-UTIL-PB" Name="system_wrapper_utilization_synth.pb"/>
  <File Type="RDS-DCP" Name="system_wrapper.dcp"/>
  <File Type="VDS-TIMINGSUMMARY" Name="system_wrapper_timing_summary_synth.rpt"/>
  <File Type="VDS-TIMING-PB" Name="system_wrapper_timing_summary_synth.pb"/>
  <FileSet Name="sources" Type="DesignSrcs" RelSrcDir="$PSRCDIR/sources_1" RelGenDir="$PGENDIR/sources_1">
    <Filter Type="Srcs"/>
    <File Path="$PPRDIR/../../Aprendizaje/redpitaya_guide-master/projects/4_frequency_counter/signal_split.v">
      <FileInfo>
        <Attr Name="UsedIn" Val="synthesis"/>
        <Attr Name="UsedIn" Val="implementation"/>
        <Attr Name="UsedIn" Val="simulation"/>
      </FileInfo>
    </File>
    <File Path="$PPRDIR/../../Aprendizaje/redpitaya_guide-master/projects/4_frequency_counter/not_gate.v">
      <FileInfo>
        <Attr Name="UsedIn" Val="synthesis"/>
        <Attr Name="UsedIn" Val="implementation"/>
        <Attr Name="UsedIn" Val="simulation"/>
      </FileInfo>
    </File>
    <File Path="$PSRCDIR/sources_1/bd/system/system.bd">
      <FileInfo>
        <Attr Name="ImportPath" Val="$PPRDIR/../../Aprendizaje/redpitaya_guide-master/tmp/4_frequency_counter/4_frequency_counter.srcs/sources_1/bd/system/system.bd"/>
        <Attr Name="ImportTime" Val="1707931795"/>
        <Attr Name="UsedIn" Val="synthesis"/>
        <Attr Name="UsedIn" Val="implementation"/>
        <Attr Name="UsedIn" Val="simulation"/>
      </FileInfo>
    </File>
    <File Path="$PGENDIR/sources_1/bd/system/hdl/system_wrapper.v">
      <FileInfo>
        <Attr Name="UsedIn" Val="synthesis"/>
        <Attr Name="UsedIn" Val="implementation"/>
        <Attr Name="UsedIn" Val="simulation"/>
      </FileInfo>
    </File>
    <File Path="$PSRCDIR/sources_1/imports/system_wrapper.v">
      <FileInfo>
        <Attr Name="AutoDisabled" Val="1"/>
        <Attr Name="ImportPath" Val="$PPRDIR/../../Aprendizaje/redpitaya_guide-master/tmp/4_frequency_counter/4_frequency_counter.gen/sources_1/bd/system/hdl/system_wrapper.v"/>
        <Attr Name="ImportTime" Val="1707931379"/>
        <Attr Name="UsedIn" Val="synthesis"/>
        <Attr Name="UsedIn" Val="implementation"/>
        <Attr Name="UsedIn" Val="simulation"/>
      </FileInfo>
    </File>
    <File Path="$PPRDIR/../../Aprendizaje/redpitaya_guide-master/projects/4_frequency_counter/signal_decoder.v">
      <FileInfo>
        <Attr Name="AutoDisabled" Val="1"/>
        <Attr Name="UsedIn" Val="synthesis"/>
        <Attr Name="UsedIn" Val="implementation"/>
        <Attr Name="UsedIn" Val="simulation"/>
      </FileInfo>
    </File>
    <File Path="$PPRDIR/../../Aprendizaje/redpitaya_guide-master/projects/4_frequency_counter/pow2.v">
      <FileInfo>
        <Attr Name="AutoDisabled" Val="1"/>
        <Attr Name="UsedIn" Val="synthesis"/>
        <Attr Name="UsedIn" Val="implementation"/>
        <Attr Name="UsedIn" Val="simulation"/>
      </FileInfo>
    </File>
    <File Path="$PPRDIR/../../Aprendizaje/redpitaya_guide-master/projects/4_frequency_counter/frequency_counter.v">
      <FileInfo>
        <Attr Name="AutoDisabled" Val="1"/>
        <Attr Name="UsedIn" Val="synthesis"/>
        <Attr Name="UsedIn" Val="implementation"/>
        <Attr Name="UsedIn" Val="simulation"/>
      </FileInfo>
    </File>
    <File Path="$PPRDIR/../../Aprendizaje/redpitaya_guide-master/projects/4_frequency_counter/and_gate.v">
      <FileInfo>
        <Attr Name="AutoDisabled" Val="1"/>
        <Attr Name="UsedIn" Val="synthesis"/>
        <Attr Name="UsedIn" Val="implementation"/>
        <Attr Name="UsedIn" Val="simulation"/>
      </FileInfo>
    </File>
    <Config>
      <Option Name="DesignMode" Val="RTL"/>
      <Option Name="TopModule" Val="system_wrapper"/>
      <Option Name="TopAutoSet" Val="TRUE"/>
    </Config>
  </FileSet>
  <FileSet Name="constrs_in" Type="Constrs" RelSrcDir="$PSRCDIR/constrs_1">
    <Filter Type="Constrs"/>
    <File Path="$PPRDIR/../../Aprendizaje/redpitaya_guide-master/cfg/clocks.xdc">
      <FileInfo>
        <Attr Name="UsedIn" Val="synthesis"/>
        <Attr Name="UsedIn" Val="implementation"/>
      </FileInfo>
    </File>
    <File Path="$PPRDIR/../../Aprendizaje/redpitaya_guide-master/cfg/ports.xdc">
      <FileInfo>
        <Attr Name="UsedIn" Val="synthesis"/>
        <Attr Name="UsedIn" Val="implementation"/>
      </FileInfo>
    </File>
    <Config>
      <Option Name="ConstrsType" Val="XDC"/>
    </Config>
  </FileSet>
  <FileSet Name="utils" Type="Utils" RelSrcDir="$PSRCDIR/utils_1">
    <Filter Type="Utils"/>
    <File Path="$PPRDIR/../../Aprendizaje/redpitaya_guide-master/tmp/4_frequency_counter/4_frequency_counter.srcs/utils_1/imports/synth_1/system_wrapper.dcp">
      <FileInfo>
        <Attr Name="UsedIn" Val="synthesis"/>
        <Attr Name="UsedIn" Val="implementation"/>
        <Attr Name="UsedInSteps" Val="synth_1"/>
        <Attr Name="AutoDcp" Val="1"/>
      </FileInfo>
    </File>
    <Config>
      <Option Name="TopAutoSet" Val="TRUE"/>
    </Config>
  </FileSet>
  <Strategy Version="1" Minor="2">
    <StratHandle Name="Flow_PerfOptimized_high" Flow="Vivado Synthesis 2022"/>
    <Step Id="synth_design">
      <Option Id="ResourceSharing">2</Option>
      <Option Id="Directive">7</Option>
      <Option Id="FsmExtraction">1</Option>
      <Option Id="ShregMinSize">5</Option>
      <Option Id="NoCombineLuts">1</Option>
      <Option Id="KeepEquivalentRegisters">1</Option>
    </Step>
  </Strategy>
  <BlockFileSet Type="BlockSrcs" Name="system_axis_red_pitaya_adc_0_0"/>
  <BlockFileSet Type="BlockSrcs" Name="system_signal_split_0_0"/>
  <BlockFileSet Type="BlockSrcs" Name="system_util_ds_buf_1_0"/>
  <BlockFileSet Type="BlockSrcs" Name="system_processing_system7_0_0"/>
  <BlockFileSet Type="BlockSrcs" Name="system_axi_gpio_0_0"/>
  <BlockFileSet Type="BlockSrcs" Name="system_auto_pc_0"/>
  <BlockFileSet Type="BlockSrcs" Name="system_util_ds_buf_2_0"/>
  <BlockFileSet Type="BlockSrcs" Name="system_rst_ps7_0_125M_0"/>
  <BlockFileSet Type="BlockSrcs" Name="system_not_gate_0_0"/>
</GenRun>
